<?xml version="1.0" encoding="utf-8"?>
<prefix name="skysa" label="Skysa" language_tag="en" language_label="English">
    <key name="admin_index_heading"><value>Skysa User Bars Settings</value></key>
    <key name="admin_index_bar_id_save_error_message"><value>Please submit valid value</value></key>
    <key name="admin_index_bar_id_save_success_message"><value>Settings updated</value></key>
    <key name="admin_notification_text"><value>&lt;i&gt;Skysa &lt;/i&gt; plugin should be configured to work properly. &lt;a href="{$link}"&gt;Go to settings page.&lt;/a&gt;</value></key>
    <key name="admin_settings_section_label"><value>Settings</value></key>
    <key name="admin_settings_bar_id_label"><value>Bar ID</value></key>
    <key name="admin_settings_bar_id_desc"><value>The Bar ID of your created Skysa Bar. You can create a new Bar on Skysa &lt;a href="http://www.skysa.com/page/account/add/" target="_blank"&gt;Read more&lt;/a&gt;</value></key>
    <key name="admin_sidebar_menu_label"><value>Skysa</value></key>
</prefix>

