<?xml version="1.0" encoding="utf-8"?>
<prefix name="skysa" label="Skysa" language_tag="de" language_label="Deutsch">
    <key name="admin_index_heading"><value>Skysa User Bars Einstellungen</value></key>
    <key name="admin_index_bar_id_save_error_message"><value>Bitte geben Sie eine gültige Bar ID ein</value></key>
    <key name="admin_index_bar_id_save_success_message"><value>Einstellungen aktualisiert!</value></key>
    <key name="admin_notification_text"><value>&lt;i&gt;Skysa &lt;/i&gt; plugin muss konfiguriert werden. &lt;a href="{$link}"&gt;Zu den Einstellungen&lt;/a&gt;</value></key>
    <key name="admin_settings_section_label"><value>Einstellungen</value></key>
    <key name="admin_settings_bar_id_label"><value>Bar ID</value></key>
    <key name="admin_settings_bar_id_desc"><value>Die Bar ID der von Ihnen erstellten Skysa Bar. Sie können auf Skysa eine neue Bar erstellen. &lt;a href="http://www.skysa.com/page/account/add/" target="_blank"&gt;weitere Informationen&lt;/a&gt;</value></key>
    <key name="admin_sidebar_menu_label"><value>Skysa</value></key>
</prefix>

